nodes,ranks,np0,np1,nx,s_per_t
1,128,128,1,1280,2717.0
1,128,128,1,1280,2700.0
2,256,128,2,1280,1512.0
2,256,128,2,1280,1511.0
4,512,128,4,1280,794.6
4,512,128,4,1280,792.8
8,1024,128,8,1280,428.2
8,1024,128,8,1280,427.3
8,1024,128,8,1280,423.34
16,2048,128,16,1280,224.5
16,2048,128,16,1280,223.9
16,2048,128,16,1280,226.38
32,4096,128,32,1280,84.72
32,4096,128,32,1280,86.45
32,4096,128,32,1280,80.55
64,8192,128,64,1280,44.94
64,8192,128,64,1280,45.08
1,128,64,2,1280,3023.0
1,128,64,2,1280,3031.0
2,256,64,4,1280,1575.0
2,256,64,4,1280,1576.0
4,512,64,8,1280,854.5
4,512,64,8,1280,855.1
8,1024,64,16,1280,459.5
8,1024,64,16,1280,460.9
8,1024,64,16,1280,460.60
16,2048,64,32,1280,228.0
16,2048,64,32,1280,228.6
16,2048,64,32,1280,229.33
32,4096,64,64,1280,87.06
32,4096,64,64,1280,86.94
1,128,128,1,320,677.1
1,128,128,1,160,345.4
1,128,128,1,80,174.7
1,128,128,1,40,64.48
1,128,128,1,20,26.30
1,128,64,2,160,384.2
1,128,64,2,80,187.4
1,128,64,2,40,65.80
1,128,64,2,20,25.54
